S.No,Employee Name,Employee Email,Department,Task,Date 
1,Employee 1,employee1@company.com,Marketing,Task C,2024-04-18 15:30:00
2,Employee 2,employee2@company.com,Operations,Task D,2024-04-18 15:30:01
3,Employee 3,employee3@company.com,HR,Task B,2024-04-18 15:30:02
4,Employee 4,employee4@company.com,Finance,Task A,2024-04-18 15:30:03
5,Employee 5,employee5@company.com,IT,Task E,2024-04-18 15:30:04
6,Employee 6,employee6@company.com,Marketing,Task B,2024-04-18 15:30:05
7,Employee 7,employee7@company.com,Operations,Task D,2024-04-18 15:30:06
8,Employee 8,employee8@company.com,HR,Task C,2024-04-18 15:30:07
9,Employee 9,employee9@company.com,Finance,Task A,2024-04-18 15:30:08
10,Employee 10,employee10@company.com,IT,Task E,2024-04-18 15:30:09
11,Employee 11,employee11@company.com,Marketing,Task D,2024-04-18 15:30:10
12,Employee 12,employee12@company.com,Operations,Task B,2024-04-18 15:30:11
13,Employee 13,employee13@company.com,HR,Task C,2024-04-18 15:30:12
14,Employee 14,employee14@company.com,Finance,Task A,2024-04-18 15:30:13
15,Employee 15,employee15@company.com,IT,Task E,2024-04-18 15:30:14
16,Employee 16,employee16@company.com,Marketing,Task D,2024-04-18 15:30:15
17,Employee 17,employee17@company.com,Operations,Task B,2024-04-18 15:30:16
18,Employee 18,employee18@company.com,HR,Task C,2024-04-18 15:30:17
19,Employee 19,employee19@company.com,Finance,Task A,2024-04-18 15:30:18
20,Employee 20,employee20@company.com,IT,Task E,2024-04-18 15:30:19
